Joan,25,Barcelona
Anna,30,Girona
Joan,25,Barcelona
Anna,30,Girona
Joan,25,Barcelona
Anna,30,Girona
Joan,25,Barcelona
Anna,30,Girona
Joan,25,Barcelona
Anna,30,Girona
Joan,25,Barcelona
Anna,30,Girona
Joan,25,Barcelona
Anna,30,Girona
Joan,25,Barcelona
Anna,30,Girona
Joan,25,Barcelona
Anna,30,Girona
Joan,25,Barcelona
Anna,30,Girona
Joan,25,Barcelona
Anna,30,Girona
Joan,25,Barcelona
Anna,30,Girona
Joan,25,Barcelona
Anna,30,Girona
Joan,25,Barcelona
Anna,30,Girona
Joan,25,Barcelona
Anna,30,Girona
Joan,25,Barcelona
Anna,30,Girona
Joan,25,Barcelona
Anna,30,Girona
Joan,25,Barcelona
Anna,30,Girona
Joan,25,Barcelona
Anna,30,Girona
Joan,25,Barcelona
Anna,30,Girona
Joan,25,Barcelona
Anna,30,Girona
Joan,25,Barcelona
Anna,30,Girona
Joan,25,Barcelona
Anna,30,Girona
Joan,25,Barcelona
Anna,30,Girona
Joan,25,Barcelona
Anna,30,Girona
Joan,25,Barcelona
Anna,30,Girona
Joan,25,Barcelona
Anna,30,Girona
Joan,25,Barcelona
Anna,30,Girona
Joan,25,Barcelona
Anna,30,Girona
Joan,25,Barcelona
Anna,30,Girona
Joan,25,Barcelona
Anna,30,Girona
Joan,25,Barcelona
Anna,30,Girona
